FIPS,County,LaborForce, Employed, Unemployed,UnemploymentRate,MedianIncome,MedianIncomePercent,AnnualIncome,TotalVotes,TotalVotes_Democratic,TotalVotes_Republican,TotalVotes_Libertarian,VoterTurnout_BlackFemale,VoterTurnout_BlackMale,VoterTurnout_WhiteFemale,VoterTurnout_WhiteMale,VoterTurnout_Asian,VoterTurnout_Hispanic,VoterTurnout_OtherRace,Male,Female,Not_HS_Graduate,HS_Graduate,Some_College,College_Graduate
13001,Appling  ,9061,8688,373,4.1,42781,73,35514,8341,21.33,78.24,0.31,9.58,5.97,42.06,36.24,0.42,1.3,4.44,9151,9153,9.83,38.72,26.38,31.3
13003,Atkinson  ,4106,3966,140,3.4,36779,62.7,31542,3155,26.15,72.9,0.41,11.3,7.39,39.34,33.53,0.09,5.08,3.25,3992,4110,12.23,34.71,20.27,9.8
13005,Bacon  ,4536,4348,188,4.1,38775,66.1,33393,4668,13.39,86.08,0.28,5.76,2.82,46.3,39.47,0.24,1.03,4.39,5723,5471,10.46,42.37,29.25,12.2
13007,Baker  ,1060,996,64,6,38288,65.3,41323,1555,41.93,57.68,0.13,23.13,15.18,28.89,28.19,0.64,0.64,3.33,1525,1484,12.89,37.88,29.84,10.5
13009,Baldwin  ,17789,16662,1127,6.3,42727,72.9,34128,18251,50.08,48.78,0.59,23.5,13.98,30.54,26.63,0.81,0.78,3.76,21976,22641,23.27,35.05,27.47,12.9
13011,Banks  ,9435,9084,351,3.7,55384,94.5,35151,8801,10.59,88.57,0.51,0.81,0.73,46.9,43.86,0.69,1.79,5.23,9577,9897,13.4,38.02,24.47,23.3
13013,Barrow  ,38436,36700,1736,4.5,61413,104.7,37436,37921,27.57,70.68,0.81,6.58,4.25,40.04,34.99,1.59,4.63,7.92,43251,41805,18.99,34.1,31.45,13.4
13015,Bartow  ,48188,45696,2492,5.2,57409,97.9,39505,50467,23.96,74.65,0.54,5.04,3.28,42.54,38.18,0.65,2.62,7.69,54928,53846,18.64,33.4,31.59,19
13017,Ben Hill  ,5225,4896,329,6.3,35020,59.7,33228,6560,36.46,62.65,0.49,20.07,10.22,34.98,29.76,0.55,1.23,3.2,8789,7882,11.24,45.26,27.02,18.6
13019,Berrien  ,7153,6806,347,4.9,39412,67.2,32935,7743,16.39,82.9,0.32,5.29,3.11,45.11,41.16,0.26,1.09,3.98,9748,9564,11.45,42.42,25.16,11.2
13021,Bibb  ,65883,60822,5061,7.7,41390,70.6,42696,70802,61.39,37.55,0.39,30.31,17.93,24.21,20.49,1.23,0.93,4.9,80880,71669,25.39,30.49,30.11,11.4
13023,Bleckley  ,4282,4018,264,6.2,46019,78.5,35272,5706,22.98,75.85,0.65,10.38,5.81,41.92,37.89,0.54,0.51,2.95,6665,6113,18.74,40.91,28.91,25.4
13025,Brantley  ,6345,6014,331,5.2,41874,71.4,28248,7746,9.02,90.25,0.27,1.39,0.78,49.41,44,0.16,0.41,3.86,9736,9608,8.86,44.57,25.42,18.7
13027,Brooks  ,6716,6366,350,5.2,36354,62,37655,7100,39.3,60,0.35,19.01,11.5,32.88,29.64,0.34,1.25,5.38,7936,7525,17.76,35.02,32.35,8.9
13029,Bryan  ,17416,16548,868,5,79658,135.9,53853,21340,31.58,66.75,0.83,7.39,5.47,38.82,34.33,1.48,3,9.52,20532,19911,33.14,24.3,34.2,17.8
13031,Bulloch  ,36576,34421,2155,5.9,43766,74.6,32724,30084,37.37,61.12,0.58,12.59,7.54,37.14,32.91,0.78,1.18,7.86,41022,39570,26.96,27.24,33.16,33.1
13033,Burke  ,8521,7940,581,6.8,42785,73,38481,10684,48.76,50.54,0.34,26.21,16.06,26.7,24.86,0.3,0.68,5.18,11641,10666,13.24,38.32,28.52,27
13035,Butts  ,10309,9695,614,6,48831,83.3,35017,11771,27.81,71.41,0.42,12.21,7.74,37.98,33.94,0.26,0.97,6.9,11687,13237,12.24,44.71,23.65,13.2
13037,Calhoun  ,2176,2069,107,4.9,33393,57,27390,2194,57.43,42.07,0.09,33.36,20.78,22.61,19.6,0.5,0.23,2.92,2385,3743,9.11,36.71,27.07,12.2
13039,Camden  ,19722,18862,860,4.4,56555,96.5,37184,23688,33.63,64.38,0.87,9.42,6.16,34.69,31,1.06,2.07,15.59,26653,28322,23.88,32.19,35.26,9.1
13043,Candler  ,5499,5262,237,4.3,35841,61.1,34192,4431,28.64,70.71,0.25,11.44,7.76,38.72,33.99,0.32,1.81,5.97,5535,5306,13.01,37.31,27,23.9
13045,Carroll  ,52909,49913,2996,5.7,52502,89.5,39147,54474,29.81,68.8,0.66,8.83,5.65,40.12,35.27,0.59,1.71,7.82,61772,59105,21.08,33.38,30.17,13
13047,Catoosa  ,32377,31214,1163,3.6,55807,95.2,36399,32593,21.27,77.22,0.72,1.05,0.79,47.33,39.98,0.66,0.93,9.25,34805,33007,21.39,32.89,33.2,21.1
13049,Charlton  ,4556,4394,162,3.6,40499,69.1,25020,4566,24.16,74.88,0.44,10.39,6.56,37.85,34.2,0.57,0.44,9.99,5542,7843,8.81,40.13,25.19,21.4
13051,Chatham  ,136050,125967,10083,7.4,54165,92.4,48294,133420,58.65,39.9,0.39,20.86,12.66,29.53,25.22,1.56,2.1,8.07,150546,140004,33.58,24.22,32.1,8.8
13053,Chattahoochee  ,1844,1736,108,5.9,46869,79.9,30062,1582,42.16,55.63,0.51,15.69,11.72,29.87,28.29,1.07,4.22,9.14,3906,6981,29.48,28.35,36.45,33.6
13055,Chattooga  ,9568,8950,618,6.5,39513,67.4,31577,10050,18.45,80.24,0.57,3.67,2.39,45.55,39.46,0.28,0.76,7.89,12013,12618,8.93,40.11,24.79,29.5
13057,Cherokee  ,129173,123795,5378,4.2,82733,141.1,52953,144830,29.55,68.76,0.62,3.09,2.22,42.68,37.72,1.3,3.53,9.46,131877,128312,38.23,22.41,31.46,8.9
13059,Clarke  ,56547,53204,3343,5.9,42112,71.8,34869,51333,70.22,28.14,0.63,13.73,8.15,33.82,29.17,1.83,3.65,9.64,67608,61304,44,19.91,24.07,38.2
13061,Clay  ,909,794,115,12.7,30239,51.6,35142,1434,55.09,44.42,0,31.47,17.76,25.1,22.38,0.07,0.28,2.94,1491,1314,12.52,36.28,31.22,44
13063,Clayton  ,138963,123405,15558,11.2,46059,78.6,28665,112344,84.99,14.08,0.35,44.93,27.61,6.21,5.05,2.71,3.56,9.94,160296,140791,19.52,33.65,31.65,12.5
13065,Clinch  ,2381,2276,105,4.4,37593,64.1,39136,2864,26.08,73.5,0.28,13.69,8.19,37.76,35.21,0.28,0.49,4.39,3386,3199,10,33.92,25.25,19.5
13067,Cobb  ,409228,386475,22753,5.6,78603,134.1,59194,393746,56.34,42.02,0.5,14.72,9.73,31.04,27.78,3.36,4.74,8.64,394435,372046,47.38,18.51,26.2,10
13069,Coffee  ,18518,17505,1013,5.5,39480,67.3,34073,15214,29.65,69.53,0.44,14.5,8.25,37.99,32.87,0.56,2.47,3.36,20950,22240,13.02,37.2,25.49,47.4
13071,Colquitt  ,20209,19315,894,4.4,38633,65.9,34780,16083,26.03,73.23,0.3,10.59,6.08,40.25,34.91,0.51,2.88,4.78,23074,22488,12.76,38.85,23.13,13
13073,Columbia  ,69589,67055,2534,3.6,82184,140.2,51184,80579,36.28,62.07,0.71,9.61,6.94,36.36,32.46,3.08,2.92,8.63,81285,78120,36.36,23.82,32.56,12.8
13075,Cook  ,7911,7538,373,4.7,38827,66.2,33845,7035,29.27,69.65,0.51,14.43,8.34,38.18,35.23,0.45,1.16,2.21,9074,8372,13.49,36.35,29.3,36.4
13077,Coweta  ,71770,67734,4036,5.6,70974,121,48424,76799,31.52,67.06,0.37,8.53,5.12,38.29,33.94,1.05,2.39,10.69,77272,73597,30.26,28.57,30.33,13.5
13079,Crawford  ,5246,5017,229,4.4,48004,81.9,34100,6102,26.47,72.57,0.46,10.98,7.49,38.71,37.24,0.23,0.49,4.86,6101,6286,10.52,40.01,32.61,30.3
13081,Crisp  ,9404,8697,707,7.5,36096,61.6,35421,8039,37.14,62.04,0.41,20.85,10.64,34.83,29.56,0.55,0.67,2.89,11645,10611,14.11,37.63,31.07,10.5
13083,Dade  ,7908,7654,254,3.2,48779,83.2,34639,7434,16.96,81.6,0.59,0.15,0.16,48.04,42.22,0.33,0.57,8.52,8175,7884,15.17,37.72,27.86,14.1
13085,Dawson  ,11677,11224,453,3.9,68835,117.4,46278,16081,15.46,83.32,0.56,0.16,0.22,47.66,43.47,0.54,1.53,6.42,13634,13292,30.61,29.11,27.46,15.2
13087,Decatur  ,10891,10385,506,4.6,38441,65.6,38393,11627,41.11,58.12,0.4,21.65,11.96,32.63,27.9,0.38,1.26,4.22,13434,12753,13.77,36.74,32.01,30.6
13089,DeKalb  ,393283,361126,32157,8.2,63477,108.3,53086,370804,83.12,15.74,0.46,28.69,18.55,19.81,17.34,3.16,2.49,9.95,406719,364081,44.16,20.87,24.3,13.8
13091,Dodge  ,6616,6273,343,5.2,35636,60.8,31970,8070,26.9,72.4,0.14,13.95,7.78,38.47,35.58,0.3,0.4,3.53,9758,10731,14.28,44.18,27.14,44.2
13093,Dooly  ,4942,4580,362,7.3,37278,63.6,34331,4105,46.55,52.59,0.44,26.43,15.21,28.47,25.8,0.17,0.83,3.11,6057,7278,12.1,41.06,24.52,14.3
13095,Dougherty  ,37028,33675,3353,9.1,38806,66.2,37050,35311,69.6,29.61,0.21,39.97,22.44,16.99,14.25,0.44,0.62,5.29,47111,40241,21.39,30.19,31.78,12.1
13097,Douglas  ,71466,66149,5317,7.4,60512,103.2,36497,69097,61.95,36.83,0.51,27.5,18.06,21.33,18.57,1,3.28,10.26,77464,70065,28.18,30.36,29.26,21.4
13099,Early  ,4323,4051,272,6.3,34984,59.7,40465,5187,46.98,52.48,0.29,27.48,15.6,28.13,25.37,0.25,0.25,2.93,5374,4745,15.07,37.14,28.19,28.2
13101,Echols  ,1813,1747,66,3.6,38667,65.9,28211,1441,11.59,87.16,0.76,2.48,0.97,46.58,41.82,0.14,3.73,4.28,1918,2075,9.71,41.94,22.51,15.1
13103,Effingham  ,29281,27943,1338,4.6,65793,112.2,42271,31570,24.45,73.99,0.53,7,4.71,40.36,36.94,0.65,1.73,8.61,33176,32693,20.02,37.48,30.81,9.7
13105,Elbert  ,7642,7147,495,6.5,39681,67.7,35550,9171,31.39,67.89,0.25,14.38,8.2,38.13,33.2,0.5,0.93,4.65,9942,9104,11.64,40.9,25.88,20
13107,Emanuel  ,7992,7379,613,7.7,37574,64.1,33921,9501,30.35,68.95,0.23,16.15,8.8,36.94,31.99,0.41,0.65,5.07,11428,11238,13.02,40.83,24.74,11.6
13109,Evans  ,4792,4541,251,5.2,37319,63.6,35109,4247,31.17,68,0.26,14.47,8.39,37.75,32.64,0.4,1.34,5.02,5496,5181,15.76,38.85,21.58,13
13111,Fannin  ,12047,11648,399,3.3,43439,74.1,37385,14850,17.31,81.95,0.24,0.05,0.03,49.1,44.52,0.31,0.62,5.37,13581,12790,21.77,33.5,31.32,15.8
13113,Fayette  ,55277,52635,2642,4.8,95021,162.1,67467,71993,45.93,52.72,0.64,12.99,9.79,31.98,28.54,2.3,2.64,11.76,59277,56043,46.25,20.9,28.18,21.8
13115,Floyd  ,42970,40840,2130,5,44906,76.6,39314,41648,28.83,69.93,0.53,6.65,3.83,42.8,37.01,0.88,2.34,6.48,50588,47822,20.89,34.33,27.22,46.2
13117,Forsyth  ,115573,111134,4439,3.8,105921,180.6,63864,129305,32.64,65.83,0.84,1.78,1.36,34.82,30.74,7.79,3.3,20.21,126146,124152,53.14,15.55,24.26,20.9
13119,Franklin  ,9638,9156,482,5,42904,73.2,34017,10765,14.8,84.25,0.44,2.87,1.88,46.19,42.34,0.62,0.79,5.31,11950,11562,15.92,39.36,26.99,53.1
13121,Fulton  ,548844,503231,45613,8.3,70808,120.8,88832,524659,72.65,26.16,0.57,21.51,14.02,23.46,21.93,3.95,2.64,12.48,552368,520328,52.89,17.7,21.98,15.9
13123,Gilmer  ,11041,10637,404,3.7,47757,81.4,35576,16525,17.74,81.26,0.39,0.13,0.16,47.69,44.19,0.32,1.81,5.7,15680,15736,20.45,35.4,25.87,52.9
13125,Glascock  ,1177,1141,36,3.1,42820,73,34786,1566,9.9,89.59,0.26,3.24,1.78,48.32,43.48,0.25,0.06,2.86,1479,1466,11.61,40.91,25.72,20.4
13127,Glynn  ,34652,32445,2207,6.4,53906,91.9,48170,41984,37.82,61.01,0.56,11.06,6.48,39.59,32.69,0.97,1.53,7.68,45552,40450,29.85,26.71,31.53,11.6
13129,Gordon  ,28076,26888,1188,4.2,49101,83.7,35557,24033,18.24,80.74,0.36,1.86,1.4,46.16,40.81,0.75,4.47,4.55,29353,28780,14.67,34.9,28.32,29.9
13131,Grady  ,9841,9448,393,4,41002,69.9,36527,10707,33.8,65.7,0.17,15.36,8.89,37.55,31.81,0.29,1.23,4.87,12728,11910,13.93,39.18,27.02,14.7
13133,Greene  ,6873,6515,358,5.2,54016,92.1,58708,11247,36.35,62.84,0.45,14.21,7.86,36.71,33.92,0.59,0.95,5.76,9357,9041,26.85,33.36,25.07,13.9
13135,Gwinnett  ,473735,445009,28726,6.1,72008,122.8,42902,413865,58.43,40.21,0.53,16.32,11.28,23.08,20.64,8.74,7.95,11.99,485524,463914,36.93,22.31,28.41,26.9
13137,Habersham  ,18136,17329,807,4.4,51829,88.4,34831,20432,17.44,81.43,0.62,0.86,0.64,47.35,42.08,0.8,2.6,5.65,24000,21721,19.34,34.69,25.58,36.9
13139,Hall  ,96499,92628,3871,4,61631,105.1,45576,90523,27.65,70.89,0.67,3.56,2.35,40.69,35.69,1.19,7.34,9.18,103629,102971,24.49,27.73,26.88,19.3
13141,Hancock  ,2486,2261,225,9.1,31716,54.1,31297,4165,71.67,27.83,0.1,39.66,26.3,14.53,14.82,0.19,0.22,4.28,3634,4712,8.6,43.11,22.44,24.5
13143,Haralson  ,12002,11381,621,5.2,47662,81.3,37582,14248,12.58,86.55,0.28,1.76,1.31,48.25,43.32,0.48,0.47,4.42,15340,14543,14.75,36.08,30.4,8.6
13145,Harris  ,15360,14780,580,3.8,74686,127.4,49471,19991,27.3,71.63,0.25,7.77,6.04,40.5,37.06,0.76,1.61,6.27,17686,17875,31.38,23.71,37.09,14.8
13147,Hart  ,10573,10075,498,4.7,47171,80.4,37701,12727,24.81,74.36,0.34,7.7,4.6,42.83,38.64,0.84,0.61,4.79,13224,12970,15.69,36.95,28.85,31.4
13149,Heard  ,5010,4740,270,5.4,46218,78.8,31965,5391,15.28,83.77,0.35,4.95,3.07,44.99,41.61,0.44,0.61,4.33,6047,6041,8.71,45.11,25.84,15.7
13151,Henry  ,112422,104092,8330,7.4,72970,124.4,40182,122742,59.7,39.26,0.53,27.31,17.83,20.85,18.47,1.82,2.64,11.08,124677,113608,28.46,31.66,31.11,8.7
13153,Houston  ,65659,62506,3153,4.8,60728,103.6,44059,74823,43.08,55.51,0.45,17.57,11.25,31.27,28.54,2.04,2.17,7.15,82044,77073,28.31,27.04,36.19,28.5
13155,Irwin  ,3267,3105,162,5,38156,65.1,36036,4168,24.18,75.19,0.41,12.3,6.58,40.07,37.3,0.41,0.72,2.63,4371,4941,15.12,40.19,26.15,28.3
13157,Jackson  ,36480,35066,1414,3.9,68984,117.7,43508,37670,20.29,78.3,0.68,3.13,2.25,44.12,39.54,1.15,2.94,6.87,38106,37245,22.7,32.15,29.22,15.1
13159,Jasper  ,6587,6286,301,4.6,51241,87.4,38568,7644,23.04,76.16,0.27,9.23,6.09,42.54,38.94,0.22,0.72,2.25,7260,6991,14.21,38.12,30.44,22.7
13161,Jeff Davis  ,5597,5338,259,4.6,37211,63.5,32069,5771,17.81,81.36,0.29,7.79,4.94,44.19,38.03,0.21,1.83,3.02,7636,7448,10.29,38.66,30.29,14.2
13163,Jefferson  ,6361,5936,425,6.7,38274,65.3,36033,7642,53.14,46.28,0.26,30.08,17.08,24.35,22.34,0.14,0.35,5.66,7864,7407,9.88,41.78,24.74,10.3
13165,Jenkins  ,3029,2844,185,6.1,31419,53.6,31635,3455,36.64,62.55,0.23,20.38,11.73,33.27,29.25,0.26,0.29,4.83,4042,4629,7.88,44.78,26.61,9.9
13167,Johnson  ,3824,3649,175,4.6,34849,59.4,26341,4100,29.8,69.51,0.32,16.98,9.91,37.39,33.21,0.39,0.12,1.99,4132,5424,9.14,45.95,20.06,7.9
13169,Jones  ,12860,12345,515,4,55737,95.1,38526,14966,32.66,66.58,0.31,14.24,9.87,38.28,33.9,0.43,0.58,2.7,14814,13920,19.58,39.23,30.3,9.1
13171,Lamar  ,7862,7422,440,5.6,48323,82.4,34375,9039,28.93,70.03,0.44,12.74,7.82,38.69,34.38,0.28,0.58,5.51,9979,9148,15.83,39.44,31.79,19.6
13173,Lanier  ,3658,3491,167,4.6,41564,70.9,28991,3576,28.5,70.16,0.7,11.2,8,38.7,34.02,0.7,1.67,5.71,5128,5249,16.47,37.85,25.65,15.8
13175,Laurens  ,18337,17217,1120,6.1,42114,71.8,38995,22729,35.52,63.76,0.28,18.53,10.9,34.61,30.51,0.71,0.62,4.12,24927,22485,16.23,43.12,26.54,16.5
13177,Lee  ,13746,13160,586,4.3,66090,112.7,49274,16714,27.27,71.84,0.41,11.05,7.32,39.03,34.62,1.31,0.98,5.68,15008,15215,25.38,29.77,35.7,16.2
13179,Liberty  ,25720,24197,1523,5.9,47685,81.3,37424,21389,61.24,37.21,0.64,27.81,19.13,19.39,17.26,1.65,4.74,10.02,30586,31185,18.28,31.55,40.87,25.4
13181,Lincoln  ,3299,3122,177,5.4,46967,80.1,38527,4650,30.86,68.37,0.28,14.5,9.94,35.48,33.87,0.21,0.3,5.7,4017,3836,15.86,39.68,26.61,18.3
13183,Long  ,7820,7510,310,4,46428,79.2,27232,5656,35.94,62.38,0.85,14.46,10.26,31.24,28.94,1.14,3.98,9.99,9810,10036,17.44,34.74,35.48,15.9
13185,Lowndes  ,50863,47956,2907,5.7,41820,71.3,38706,46355,43.4,55.42,0.54,18.75,11.17,33.03,28.99,1.18,1.9,4.99,60979,57096,25.31,31.41,29.92,17.4
13187,Lumpkin  ,15904,15329,575,3.6,55583,94.8,38450,15531,20.13,78.31,0.84,0.31,0.24,47.92,43.47,0.42,1.3,6.34,17108,16815,26.4,30.35,28,25.3
13189,McDuffie  ,8316,7713,603,7.3,42768,72.9,38456,4662,61.28,38.25,0.21,34.37,21.98,19.8,19.01,1.01,0.73,3.11,5756,6977,8.76,41.64,27.72,26.4
13191,McIntosh  ,5381,5063,318,5.9,42513,72.5,30981,14937,22.84,75.83,0.52,4.62,3.12,43.93,39.79,0.97,1.33,6.24,15189,14943,18.53,37.38,30.17,14
13193,Macon  ,4371,4090,281,6.4,32868,56.1,32343,3624,36.18,62.78,0.55,17.73,11.33,33.42,31.39,0.63,1.51,3.98,4152,4118,13.42,34.77,30.05,17.6
13195,Madison  ,12593,12043,550,4.4,51338,87.6,36879,10455,39.87,59.01,0.53,21.85,12.6,33.72,29.62,0.27,0.69,1.25,11250,10013,14.02,39.77,24.85,8.8
13197,Marion  ,3043,2901,142,4.7,39114,66.7,29849,6696,39.01,59.98,0.28,16.46,11.39,34.33,32.36,0.27,0.51,4.68,7490,7095,17.62,35.49,28.92,18.5
13199,Meriwether  ,8670,7958,712,8.2,38886,66.3,36050,10877,39.41,59.98,0.22,20.23,11.99,32.04,29.42,0.26,0.51,5.56,10910,10123,10.4,39.77,29.54,13.4
13201,Miller  ,2572,2470,102,4,42483,72.5,48011,2835,26.42,72.87,0.39,13.75,7.61,40.46,35.54,0.14,0.46,2.04,2925,2715,13.99,36.51,32.1,10.4
13205,Mitchell  ,8026,7490,536,6.7,36788,62.7,37608,8963,44.57,55.06,0.08,25.07,13.83,29.62,26.13,0.44,0.69,4.22,10429,11266,9.71,39.52,27.97,14
13207,Monroe  ,12284,11721,563,4.6,59362,101.2,46563,15592,28.12,70.93,0.44,10.5,7.1,39.17,36.03,0.63,0.61,5.97,13903,13805,26.8,33.28,25.59,9.7
13209,Montgomery  ,3657,3472,185,5.1,41834,71.3,31037,3966,24.68,74.63,0.3,11.72,8.19,40.22,35.35,0.15,1.17,3.2,4500,4704,16.01,38.08,27.66,26.8
13211,Morgan  ,8794,8367,427,4.9,57978,98.9,51677,11707,28.66,70.3,0.45,9.9,6.04,41.65,37.44,0.39,0.74,3.83,10006,9291,20.69,36.04,30.93,16
13213,Murray  ,14564,13756,808,5.5,46810,79.8,30964,15389,14.96,84.11,0.47,0.19,0.19,46.8,42.26,0.19,4.4,5.95,20452,19868,10.07,37.44,23.22,20.7
13215,Muscogee  ,73540,67818,5722,7.8,46628,79.5,45352,80543,61.49,37.31,0.49,27.9,16.48,24.36,19.78,1.73,2.59,7.16,99262,94810,25.76,27.36,34.92,10.1
13217,Newton  ,50483,46930,3553,7,56598,96.5,34696,54239,54.93,44.01,0.24,27.55,16.51,24.98,21.62,0.54,1.68,7.11,59824,53429,19.77,33.78,33.08,25.8
13219,Oconee  ,18299,17780,519,2.8,99497,169.7,67845,25168,32.43,65.94,0.88,2.05,1.37,44.87,40.43,2.44,1.81,7.03,21037,20297,52.35,19.31,22.87,19.8
13221,Oglethorpe  ,6505,6230,275,4.2,51105,87.2,36698,8131,29.96,68.79,0.58,7.62,5.09,41.72,37.93,0.26,1.35,6.03,7757,7673,17.07,38.87,23.8,52.3
13223,Paulding  ,82102,77980,4122,5,73309,125,38978,85385,34.79,63.86,0.64,11.29,7.73,36.46,32.2,0.73,3.14,8.45,88205,83900,22.64,32.89,33.84,17.1
13225,Peach  ,11059,10410,649,5.9,46525,79.3,39336,12545,47.19,51.83,0.53,22.58,14.8,28.43,26.12,0.56,2.31,5.22,14227,13289,20.55,29.82,32.61,22.6
13227,Pickens  ,14452,13868,584,4,65062,111,48493,17116,16.41,82.23,0.37,0.34,0.26,48.71,44.02,0.35,0.85,5.48,17036,16419,23.15,31.48,30.7,20.5
13229,Pierce  ,8200,7857,343,4.2,44389,75.7,37486,9048,12.16,87.3,0.32,3.73,2.43,46.1,40.68,0.3,0.66,6.1,9865,9676,12.56,42.76,28.07,23.1
13231,Pike  ,8440,8080,360,4.3,66901,114.1,41401,10720,14.04,85.14,0.38,4.22,3.11,45.37,40.96,0.31,0.52,5.52,9560,9254,17.08,41.79,29.3,12.6
13233,Polk  ,17685,16814,871,4.9,43679,74.5,34055,17399,21.02,78.1,0.39,6.09,3.42,43.62,39.03,0.3,2.17,5.37,21661,20916,13.72,37.88,27.17,17.1
13235,Pulaski  ,3724,3575,149,4,40582,69.2,31603,4059,29.98,69.11,0.44,14.61,8.52,37.86,34.43,0.62,0.69,3.28,6248,4725,13.15,36.77,31.14,13.7
13237,Putnam  ,7841,7375,466,5.9,51205,87.3,44643,11855,29.08,69.94,0.4,11.44,6.78,39.47,36.13,0.34,1.13,4.71,11298,10719,23.37,37.59,26.63,13.2
13239,Quitman  ,801,755,46,5.7,33908,57.8,31466,1106,44.94,54.61,0.09,24.96,15.92,27.37,25.94,0.36,0.81,4.65,1183,1088,7.07,35.44,22.17,23.4
13241,Rabun  ,6989,6683,306,4.4,44213,75.4,41058,9568,20.74,78.11,0.51,0.2,0.16,48.68,43.55,0.29,1.2,5.92,8684,8357,24.17,33.08,27.52,7.1
13243,Randolph  ,2443,2300,143,5.9,28298,48.3,35186,3074,54.36,45.25,0.13,32.84,18.51,23.27,21.91,0.13,0.32,3.01,3529,3114,10.29,35.77,28.47,24.2
13245,Richmond  ,80950,74597,6353,7.8,40168,68.5,39370,87016,67.95,30.78,0.41,32.7,20.26,19.17,16.22,0.99,1.46,9.19,103908,98662,21.41,31.37,31.36,10.3
13247,Rockdale  ,43624,40315,3309,7.6,59673,101.8,36138,44686,69.92,29.12,0.42,33.13,22.11,16.32,14.14,1.23,2.27,10.81,48358,43079,26.32,31.48,30.95,21.4
13249,Schley  ,2156,2086,70,3.2,45378,77.4,33044,2275,20.31,79.12,0.26,9.94,5.47,42.25,38.13,0.39,1.01,2.8,2758,2511,13.33,34.85,39.42,26.3
13251,Screven  ,4980,4597,383,7.7,39048,66.6,35346,6628,40.15,59.08,0.33,19.83,12.74,33.12,29.18,0.24,0.35,4.54,7000,6958,15.4,41.5,26.56,13.3
13253,Seminole  ,2926,2786,140,4.8,36869,62.9,47527,3884,32.29,67.22,0.08,16.36,8.6,36.67,33.67,0.28,0.64,3.76,4151,3857,16.19,38.26,31.52,15.4
13255,Spalding  ,27833,25753,2080,7.5,43510,74.2,35740,30116,39.13,59.96,0.26,17.79,10.21,34.35,29.9,0.52,1.37,5.87,34759,32326,17.78,39.83,24.25,16.2
13257,Stephens  ,10435,9859,576,5.5,45850,78.2,39335,11885,20.07,78.82,0.63,4.68,3.27,44.74,40.75,0.56,0.89,5.1,13388,12581,21.02,38.6,22.44,17.8
13259,Stewart  ,2506,2371,135,5.4,33053,56.4,23081,1990,59.4,40.25,0.15,33.45,21.41,20.96,20.15,0.1,0.35,3.58,2054,4507,12.17,36.42,19.51,21
13261,Sumter  ,12771,11872,899,7,37562,64.1,37936,12150,52,47.18,0.46,27.86,15.91,27.68,23.94,0.6,0.84,3.15,15416,13694,18.25,34.66,28.53,12.2
13263,Talbot  ,2678,2504,174,6.5,37265,63.6,35705,3522,60.02,39.52,0.14,32.03,20.86,22.06,20.49,0.2,0.51,3.85,3195,2939,12.13,45.54,24.65,18.3
13265,Taliaferro  ,553,518,35,6.3,34090,58.1,37088,928,60.45,38.79,0.22,28.56,25.13,21.71,20.64,0.11,0.43,3.42,757,745,8.1,46.15,16.76,12.1
13267,Tattnall  ,9032,8677,355,3.9,41440,70.7,29106,8183,25.19,73.97,0.31,10.28,6.6,40.03,35.22,0.4,2.12,5.35,10724,14525,13.17,38.13,24.54,8.1
13269,Taylor  ,2781,2613,168,6,36310,61.9,32801,3839,36.13,62.99,0.47,18.73,11.52,33.3,30.82,0.18,0.68,4.77,4150,3797,12.63,37.53,28.33,13.2
13271,Telfair  ,3484,3155,329,9.4,34297,58.5,21535,4333,34.32,65.2,0.21,17.83,11.18,34.17,32.2,0.3,0.55,3.76,6393,9258,8.65,47.23,14.44,12.6
13273,Terrell  ,3345,3069,276,8.3,35290,60.2,43654,4416,53.8,45.38,0.2,31.92,18.11,23.1,22.33,0.25,0.29,3.99,4428,4054,11.23,32.34,33.91,8.6
13275,Thomas  ,16335,15274,1061,6.5,41642,71,46223,21853,39.85,59.28,0.42,18.14,9.8,34.94,29.94,0.52,0.77,5.88,23383,21059,24.72,31.54,28.59,11.2
13277,Tift  ,19635,18646,989,5,45680,77.9,39317,16283,32.68,66.23,0.54,13.86,7.57,38.39,32.55,0.87,2.72,4.04,20986,19764,18.11,34.67,29.14,24.7
13279,Toombs  ,11395,10679,716,6.3,37148,63.4,37143,10914,26.93,72.13,0.35,12.3,6.79,40.08,33.35,0.48,1.97,5.03,14124,12794,16.16,37.54,26.4,18.1
13281,Towns  ,3592,3405,187,5.2,45853,78.2,39181,7979,19.43,80.01,0.23,0.17,0.1,49.63,43.65,0.27,0.79,5.39,6512,5915,30.07,29.9,29.95,16.2
13283,Treutlen  ,2478,2343,135,5.4,35069,59.8,29682,3077,30.94,68.28,0.32,17.57,9.96,35.78,32.72,0.23,0.32,3.42,3445,3432,12.38,40.85,20.5,30.1
13285,Troup  ,37082,34820,2262,6.1,45234,77.1,37690,30049,38.53,60.38,0.43,18.3,9.91,35.12,29.92,0.79,0.91,5.05,36241,33338,19.01,35.13,29.27,12.4
13287,Turner  ,3076,2828,248,8.1,33261,56.7,36836,3792,37.18,61.95,0.58,20.66,11.07,33.73,29.78,0.21,1.05,3.5,4083,3846,11.68,38.04,31.48,19
13289,Twiggs  ,2704,2524,180,6.7,42054,71.7,43163,4444,45.99,53.33,0.18,23.89,17.37,27.06,25.85,0.27,0.52,5.05,4095,3957,11.76,38.49,23.94,11.7
13291,Union  ,9896,9542,354,3.6,45943,78.4,37588,15560,18,81.3,0.23,0.06,0.08,48.93,43.24,0.36,0.83,6.5,12595,11901,22.52,34.02,32.51,11.8
13293,Upson  ,11038,10328,710,6.4,40965,69.9,36653,12905,32.55,66.7,0.37,15.07,9.26,37.19,31.98,0.31,0.41,5.79,13807,12510,13.35,38.4,30.53,22.5
13295,Walker  ,30184,28991,1193,4,43767,74.6,34078,29354,19.65,78.95,0.59,1.67,1.13,46.77,40.55,0.33,0.5,9.06,35344,34390,16.62,35.23,30.12,13.4
13297,Walton  ,43838,41708,2130,4.9,65416,111.6,42406,51095,24.82,74.06,0.46,7.71,5.03,39.67,34.8,0.69,1.52,10.58,49277,47058,21.73,36.02,29.14,16.6
13299,Ware  ,14765,14008,757,5.1,38357,65.4,34915,14192,29.67,69.51,0.37,13.79,7.67,39.41,33.09,0.51,0.8,4.73,17676,17776,15.16,39.22,27.02,21.7
13301,Warren  ,2705,2554,151,5.6,38352,65.4,36427,2651,55.41,43.98,0.34,32.19,18.81,23.71,21.26,0.23,0.34,3.47,2717,2470,12.34,39.75,21.11,15.2
13303,Washington  ,6502,6059,443,6.8,39444,67.3,36321,9459,50.01,49.3,0.29,28.56,16.45,27.2,23.98,0.16,0.39,3.27,9848,10423,12.35,44.66,24.27,12.3
13305,Wayne  ,10595,10028,567,5.4,44607,76.1,32633,12778,21.03,78.16,0.41,8.68,4.84,42.47,36.75,0.41,0.92,5.93,14610,15378,12.96,41.97,28.45,12.3
13307,Webster  ,986,932,54,5.5,38187,65.1,34700,1390,45.97,53.81,0.07,24.38,17.89,28.94,25.45,0.14,0.5,2.71,1293,1289,14.66,40.67,23.93,13
13309,Wheeler  ,1501,1408,93,6.2,32691,55.8,19472,2285,30.15,69.28,0.31,14.75,10.52,36.19,34.53,0.04,0.79,3.19,2735,5045,13.55,50.5,16.8,14.7
13311,White  ,16096,15572,524,3.3,51579,88,35238,14816,16.27,82.49,0.51,0.53,0.36,48.67,43.92,0.34,0.81,5.37,15846,15092,22.75,30.92,31.54,13.6
13313,Whitfield  ,40989,38955,2034,5,47074,80.3,39927,36746,29.04,69.77,0.44,2.02,1.46,40.37,34.44,0.96,12.76,8,52395,52249,15.72,29.44,24.31,22.7
13315,Wilcox  ,2593,2435,158,6.1,35961,61.3,29334,3281,26.27,73.24,0.18,14.66,8.38,38.86,35.15,0.24,0.73,1.97,3426,5152,12.17,45.55,24.4,15.7
13317,Wilkes  ,3728,3498,230,6.2,39361,67.1,42644,5029,42.95,56.13,0.4,21.48,12.92,31.53,29,0.5,0.44,4.14,5002,4665,13.77,44,25.92,12.2
13319,Wilkinson  ,3898,3724,174,4.5,41036,70,37011,4770,43.5,55.85,0.21,23.62,14.7,30.13,27.97,0.17,0.21,3.2,4590,4275,10.85,50.3,23.28,13.8
13321,Worth  ,8252,7849,403,4.9,48708,83.1,36974,9285,25.79,73.56,0.3,13.12,8.06,38.53,36.03,0.21,0.44,3.6,10428,9686,10.98,42.69,29.21,10.9
